{
  "hash": "b0309e04",
  "configHash": "21808025",
  "lockfileHash": "72c2a5b5",
  "browserHash": "4081670c",
  "optimized": {
    "@angular/core": {
      "src": "../../../../../../node_modules/@angular/core/fesm2022/core.mjs",
      "file": "@angular_core.js",
      "fileHash": "252ff8b3",
      "needsInterop": false
    },
    "@angular/platform-browser": {
      "src": "../../../../../../node_modules/@angular/platform-browser/fesm2022/platform-browser.mjs",
      "file": "@angular_platform-browser.js",
      "fileHash": "9d65a720",
      "needsInterop": false
    },
    "@angular/router": {
      "src": "../../../../../../node_modules/@angular/router/fesm2022/router.mjs",
      "file": "@angular_router.js",
      "fileHash": "3dbae00c",
      "needsInterop": false
    },
    "zone.js": {
      "src": "../../../../../../node_modules/zone.js/fesm2015/zone.js",
      "file": "zone__js.js",
      "fileHash": "d5bce6b3",
      "needsInterop": true
    },
    "@angular/common": {
      "src": "../../../../../../node_modules/@angular/common/fesm2022/common.mjs",
      "file": "@angular_common.js",
      "fileHash": "06a8d5a7",
      "needsInterop": false
    }
  },
  "chunks": {
    "chunk-6L5EF4NN": {
      "file": "chunk-6L5EF4NN.js"
    },
    "chunk-6DTTRKHT": {
      "file": "chunk-6DTTRKHT.js"
    },
    "chunk-KHV4EVH4": {
      "file": "chunk-KHV4EVH4.js"
    },
    "chunk-WDMUDEB6": {
      "file": "chunk-WDMUDEB6.js"
    }
  }
}